url,content,author_name,publish_date
https://news.agentm.tw/277463/,"Netflix《眼淚工匠》改編自義大利作家艾琳杜奧姆的同名暢銷小說，由《結婚哪有那麼男》導演亞歷山卓傑諾韋西執導，演員陣容網羅眾多新生代演員，並由影歌雙棲的西蒙內包達瑟羅尼以及首挑大梁的卡特琳娜費里歐利主演。

《眼淚工匠》劇情講述在墳場孤兒院長大的少女妮卡，從小便深信著傳說中的「眼淚工匠」能幫助行屍走肉的人們找回正常的情感及情緒，直到被一對好心夫婦領養並完成她最大的夢想後，便將這個傳說拋諸腦後。妮卡原以為自己的人生要步入正軌時，卻沒想到她不願再見到的神祕男孩瑞吉爾也被同一個家庭收養，更糟的是，明明為冤家的兩人卻莫名被彼此深深吸引著。



內容目錄

《眼淚工匠》根本就是《暮光之城》同人文

青少年愛情電影幾乎都有個共通點——主角的身世通常要非常坎坷，不是家破人亡、父母離異，就是自己罹患了不治之症，或是因內外在壓力導致心理創傷，而《眼淚工匠》也毫不拖沓地直接破題，揭曉女主角妮卡因一場車禍失去父母，被送進孤兒院，在人生最悲慘之時遇見了男主角瑞吉爾。接下來《眼淚工匠》的劇情不出所料全都在公式化套路下發展，不過，若是硬要列舉出最出乎意料的部分，絕非尷尬又毫無邏輯的轉折情節莫屬。



之所以會覺得《眼淚工匠》是《暮光之城》的同人文，最主要是因為角色性格與《暮光之城》有幾分相像。譬如男主角瑞吉爾就像是《暮光之城》愛德華和雅各的綜合體，對女主角妮卡忽冷忽熱的態度以及周遭散發的神祕迷人氣息，與愛德華的人物設定有幾分相像。

至於像雅各的部分，除了瑞吉爾常常將自己比喻為狼之外，動不動就在鏡頭前裸上身展露好身材的習慣近乎一樣。有趣的是，男配角衝動、火爆的個性其實也有點像雅各，加上讓人忍不住邊看邊吐槽的劇情，真的很難不聯想到《暮光之城》。



當孤兒題材遇上《禁忌世代》



《眼淚工匠》完全符合校園愛慾電影的標準配置，不但擁有高顏值選角，主角的化學反應也相當足夠，更是有一定尺度的煽情戲。除了必備的三角戀元素外，游走在禁忌邊緣的情感戲也是相當熱門的題材。

雖雖然養兄妹相戀的禁忌元素曾在《我的過錯》見識過，而男女主角不健全的成長環境與複雜的情感糾與《禁忌世代》相似，就算曉得這段戀情註定會給對方帶來傷害，仍舊無法抗拒地被彼此深深吸引。



不過相較之下，《眼淚工匠》算是同類型作品中較簡潔有力且不會拖泥帶水的故事，儘管難免會看到一些青少年愛情劇作的影子，但是至少沒有反覆的分手復合過程，甚至沒留下任何發展續集的伏筆，而且撇除愛情元素，故事囊括關於孤兒院身心虐待的嚴肅議題以及從創傷中重拾愛人與被愛能力的啟示，都是這類作品難得一見且有意義的正面素材，顯得本片更獨樹一格。



就算內心不完整，也能擁有童話般的美滿結局



「到頭來我了解最精彩的童話故事，就在我們心中。」

「眼淚工匠」的傳說是墳場孤兒院孩子們僅存的希望，自困在如牢籠般圍牆的那天起即是夢魘的開始，在成為孤兒前所擁有的幸福快樂以及留存美好記憶的紀念物都被摧毀，就連喜怒哀樂的情緒都被剝奪。他們就如傳說故事裡行屍走肉的人們，企盼著有一天能尋得能帶來救贖的「眼淚工匠」，或是逃離這個如人間煉獄般的囚牢。



雖然妮卡與瑞吉爾在孤兒院受到截然不同的待遇，但曾經歷的痛苦都在他們心靈留下恆久的創傷，更使內心殘破不全。直到兩人的邂逅與對彼此的愛慕，才漸漸使他們學會解開心中的枷鎖，甚至為了守護摯愛而嘗試鼓起勇氣揭開瘡疤、面對心魔。或許過去的悲慘人生無法被改變，卻可以改寫未來的命運，為不完整的彼此創造圓滿的結局。

",艾米希莉 Amesily,2024-04-12
https://news.agentm.tw/277440/,"由波蘭導演湯瑪茲曼德斯執導的《禁忌之慾》，劇情描述受人景仰、奉公守法的女法官歐嘉，遇見比她小 15 歲的外籍跳傘教練麥克斯，看似截然不同的兩個世界原本不該有交集，然而命運卻讓兩人交纏在一起。除了一次次的性愛歡愉外，歐嘉還深受麥克斯自由奔放的心靈所吸引，然而 某天，歐嘉的女兒瑪雅一聲不響地回到家，撞見完事後半裸的兩人氣憤不已，原來瑪雅正是麥克斯的正牌女友……這段禁忌之戀是否 能繼續走下去？



內容目錄

愛的鋪陳多以肉體纏綿呈現

電影片名所稱的禁忌之慾，是指法官和歐嘉母親口中的小混混談戀愛，太過門不當戶不對？又或歐嘉和瑪雅母女倆同愛一人的行為太離奇？關於前者，我想電影無意強調兩者職業身分的差距，甚至連麥克斯的朋友是犯什麼罪，審訊的過程都付之闕如，導演就只是要告訴我們愛就愛上了，愛是可以突破一切差距的，無論年齡、職業或其他，愛是有潛移默化功能的，能讓我們都變成更好的人。

然而，電影泰半時間對他們愛的鋪陳，都只耽溺於肉體的纏綿，用大量的慢動作特寫鏡頭，流行歌的不斷串入，來強調這份愛的磅礡，我們並未隨著時間的遞延，感受到他們愛的與日俱增，麥克斯怎麼變成自己口中更好的人，觀者亦無法共鳴，這份愛或許他們說的蕩氣迴腸，但卻拍的空虛短淺，即便拿掉歐嘉身為法官的設定，對劇情的走向也不影響，電影並未真正對她工作的內容有所著墨，歐嘉的設定換成任何一事業卓然有成之女性，都可成立，這是影片稍嫌可惜之處。



煽情大過溫情

回到歐嘉和瑪雅兩人愛上同一個男人的糾葛，可以了解瑪雅的氣憤所為何來，但卻不能理解這樣氣媽媽要斷送媽媽職業生涯的報復手段，有其必要性？電影後面試圖用母愛匱乏，反向求愛這樣的說法，來為她的叛逆緩頰，然而在遊艇上對媽媽不斷夾雜髒話的真情告白，是多年委屈的不可自遏，還是猶然不知自己亦有超過之處的不知悔改？媽媽自言抱歉，母女兩人在床上相擁而泣的片段縱然有些溫情，但在煽情大過溫情的手法操作下，這樣的廉價和解讓人看得霧煞煞，也無法真正打從心裡感動。



《禁忌之慾》有個很有趣的設定，但卻高高提起輕輕放下，電影於愛情拍的蒼白無力，像是加長版的音樂 MV，於母女親情處理的宛如肥皂劇，讓人無法清楚導演拍攝本片的真正意圖和最終目的，最後只成就了一部凸顯了肉體情慾，卻疏略於心理描繪的可惜之作。

",人文電影的追尋,2024-04-12
https://news.agentm.tw/277236/,"導演相米慎二應該仍然保有日本影史的一個小紀錄：他有多達四部作品的主演，獲得了當年的最佳新人獎。這代表著相米導演喜愛啟用新人，而且，是年紀很輕的新演員。這位導演如何讓沒有演戲經驗的演員表現出色？這是相米慎二的厲害之處。他的《搬家》（お引越し）就是一個好例子，當年僅僅 13 歲的主演田畑智子，獲得了三個日本在地的新人獎殊榮，如今這部電影在 4K 修復後首度在台灣公映，值得所有小朋友、與曾經是小朋友的觀眾們欣賞。

《搬家》

內容目錄

電影《搬家》劇情故事介紹

漆原先生與漆原太太要分居了，他們的女兒蓮子發現，自己的小世界要分崩離析。爸爸不願意告訴她為何兩人要分開，媽媽已經開心地準備離婚協議書，並且開始規劃全新人生。蓮子想要挽回這一切，她不瞭解曾經是模範夫妻的爸媽，為何會走到這一步。蓮子對同學保密父母離異的事實，她也不願承認這個現實，蓮子決定對父母發動一場抗爭……做為這個三人家庭的一份子，她對這個家庭的崩壞有話要說。

《搬家》



小小素人演員在《搬家》裡「做自己」，賦予角色真實生命力

家裡在京都祇園開料亭的田畑智子，某天餐廳來了一組客人，11 歲的她與姊姊出來招呼客人，對方跟她聊了一些話。那天傍晚，客人請這位女孩到他們住的旅館一趟。到了旅館的田畑才發現，這組 20 多人的客人其實是來拍電影的。平常幾乎沒在看電視與電影的田畑不認識對方，但他們其中的導演，卻邀請她來參加新電影的試鏡……最終，田畑在 8 千多位應徵《搬家》女主角蓮子的新人中，脫穎而出。

《搬家》

相米慎二的諸多才能之中，最珍貴之一應該是他的識人慧眼。相米沒有興趣培育素人演員，教導他們如何演戲，相米找尋的是最適合他角色的素人，然後讓像是田畑這樣的孩子，在片場做自己。也因此，相米在片場甚至不會與這些演員溝通，這場戲應該演什麼。正如《搬家》中段一場蓮子在祭典裡漫遊的戲，甚至沒有出現在劇本上，相米只是叫田畑在祭典人潮裡走來走去、自己爬上山坡……相米不告訴田畑應該怎麼做這些動作，只是他覺得這段不好時，就再重走一次。

所以我們現在在《搬家》裡看到的蓮子，是 1992 年 12 歲演出電影的田畑智子本人，而不是劇本裡的蓮子。因為相米導演要求她在鏡頭前做自己，這讓蓮子這個角色充滿了真實的生命力。蓮子是一位健康的小學生，她有話就說，而且想做就做，同學要霸凌她，她馬上一巴掌伺候；但是當接受到陌生大人的好意，她也能流暢地應對進退。在父母尚未離異前，她已經負起這個雙薪家庭的許多家事責任。這是個早熟又聰慧的孩子，也因此，她無法理解離婚這個概念：因為愛而製造我的兩位大人，為什麼現在決定老死不相往來？

《搬家》



為什麼《搬家》是極其優秀的兒童電影？

蓮子的爸爸賢一（中井貴一飾）有點不負責任，對家事不感興趣，也不體諒家庭主婦妻子的辛勞。但他卻是女兒最好的夥伴，會跟蓮子沒大沒小地玩在一起；蓮子的母親南沙（櫻田淳子飾），是個意志堅定的女性，曾經是家庭主婦的她，後來回歸職場，竟然賺得比老公還要多。曾經被丈夫嘲諷「家庭主婦又不會賺錢」的她，現在不用再看老公的臉色，自然想要振翅高飛。

《搬家》

這對夫妻的感情之所以變質，不是因為小三與經濟問題，而是在關係產生諸多細微的裂痕之後，最終演變成潰堤之災。電影沒有細談他們離婚的真正主因，因為重點不在這對決定離婚的夫妻身上，而在被迫承受離婚後果的小孩這一方。現在蓮子無法每天都見到會陪她練拳的老爸了；媽媽要求她必須分擔一大半家事；而她在聽到同學們欣羨自己爸媽感情良好時，格外尷尬，她不想因為父母離婚而被同學嘲笑……

《搬家》是極其優秀的兒童電影，觀眾從第一個鏡頭開始，就會被田畑自然生動的「做自己」打動。這個充滿活力的孩子，相信自己可以扭轉離婚的現實，她很快地跳過了悲傷五階段的第一階段，直接憤怒地採取行動。但她不知道的是，父母之間的鴻溝遠遠超乎她的想像。而這更點燃了蓮子內心的怒火，抗爭行動規模越演越烈……《搬家》原版海報上的宣傳台詞就是蓮子的心境：

「把我生下來真的謝謝啊，混蛋傢伙。」

《搬家》

直呼「混蛋」，是證明了蓮子的行動力、與蓮子對父母的徹底失望。如果夫妻關係終究要結束，那為什麼還要把無辜的她生下來？讓無權決定的她被迫承受這個結果？這不公平。這種憤怒體現在田畑智子的肢體動作與表情上。例如她奮力地在大雨之中奔跑，這場大雨是另一種形而上的象徵：她的天空破碎了，而她急著想要逃出這場悲劇；當同學霸凌班上父母離異的學生，她憤怒地舉起燃燒的燒瓶。田畑智子的臉上沒有擠眉弄眼，只有強忍的漠然──我其實也是你們霸凌的對象，而我不准你們傷害我。



相信兒童自身的療癒與成長，《搬家》會讓觀眾見識蓮子的強大

蓮子這個角色，不只因為魅力驚人的田畑智子而出色，她不願只做個單方面被害者的毅力也很驚人。電影後半段，蓮子在經歷五階段的「討價還價」（與父母雙方進行情感拉扯）後，進入了漫長的「沮喪」，最終甚至試圖與無法放下的自己和解，進入最終的「接受」階段。相米慎二不想讓《搬家》變成《天生一對》那樣便宜行事的童話，他相信的是兒童自身的療癒與成長，而《搬家》會讓觀眾見識到蓮子的強大。

《搬家》

蓮子與男同學阿稔親暱地打招呼，她對阿稔充滿熱情的告白「妳到哪裡我都會跟著妳」無動於衷；她看著大哥哥與女友間為了要不要生下孩子而爭執，只是似懂非懂。小學生的蓮子，在面臨離婚風暴的當下，同時也向著青春期此一人生新階段邁進。電影用「圍城作戰」與「林中漫步」兩場戲，來呈現蓮子內心的轉變。她害怕父母離婚後，也會同時失去雙方的愛，這份恐懼令乖巧的她，迅速築起一道物理／心靈上的牆做為防衛。但母親的一記鐵拳，令她內心的防禦徹底崩潰──她放開了手上曾代表與父親情感聯繫的長頸鹿布偶，任其墜落在地。

《搬家》

但在經歷了許多遭遇後，蓮子踏上了自立之路，她在祭典人潮裡隨波逐流，不自覺地接近火堆卻被推開；她在月夜深林裡漫無目的的走著，宛如初生的幼獸，甚至仰頭對著夜空嚎叫。這些如夢的橋段，都象徵著蓮子在追尋自我時的迷惘、挫敗與嘗試。最終她來到了原點，那是一個脫離現實的虛幻空間，她在那裡清晰地看到了曾經的自己──一個無法再回去的過去，而她必須在這裡做出決定，是繼續沉浸在過去心態，或是走向一個新的未來。

《搬家》



相米慎二《搬家》電影評價心得：絕不遜色的成長側寫，值得所有小朋友、與曾經是小朋友的觀眾欣賞

我們在《搬家》的最後一個鏡頭，會看到青春期的蓮子，她已經完成了個人的冒險，找到了自己的定位。《搬家》以離婚為題，以離婚關係裡的孩子為主角，但這部電影並不是另一部《藍色情人節》或《婚姻故事》，它其實是一段女孩成為少女的成長側寫。它會令你想起《蜂巢的幽靈》、《羊男的迷宮》、甚至是《龍貓》，而《搬家》與它們相比絕不遜色。

推薦所有觀眾都應該觀賞《搬家》，然後我們可以一起哀悼：導演相米慎二卒年僅僅 53 歲，他的英年早逝是全球影壇的共同損失。

《搬家》安排自 4/12 全台灣上映。

延伸閱讀 >>【影評】認同的重量：《美國女孩》的身份與和解

",龍貓大王通信,2024-04-10
https://news.agentm.tw/277248/,"2008 年，由夢工廠製作與發行的動畫片《功夫熊貓》，以古中國作為背景，描述一隻平凡熊貓學習武功成為神龍大俠的故事，其搞笑又有寓意的風格廣受大家的喜愛，這也使得片商之後一口氣推出三部曲，共創下 18 億左右的票房佳績。

如今睽違 8 年之久，夢工廠再推出第四集，《功夫熊貓4》不但保有系列一貫特色，還因為時隔許久多了份懷舊氛圍。

事實上，《功夫熊貓》前三部曲是一套近乎完整的阿波成長史，第一集可以視為主角阿波的生涯起點與逐夢篇章，他克服所有苦難以及眾人輕視的目光，在經歷了一場冒險後成為了他名符其實的神龍大俠；到了第二集，則可以當作是阿波發揮自己所長，並且開始展現出領導風範的一部代表作，他將學習如何成為真正的功夫大師；第三集則是阿波人生重要的轉捩點，因為他將從大俠轉變為大師，並且面對他未知的過去與未來。

這三部曲可以說是完整刻劃主角阿波的生涯歷程，所以即便第三集的評價不及前兩集，我都認為它還是有一定的存在意義，那麼《功夫熊貓4》呢？



從電影上映前的資訊來看，《功夫熊貓4》將讓阿波尋找繼承人，而正片也確實遵循著這條劇情線進行，阿波不僅是個神龍大俠，也是大師級的人物了，他已經走到了需要找尋繼承人、並且退居指導的職位。

這和第二集的「指導」意義不同，第二集單純只是讓阿波訓練出一支即戰力，但在這集所代表的意義是有如龜大仙這樣地位的指導，所以按照前三部曲描寫阿波生涯歷程的模式來看，你幾乎可以把這集視為阿波生涯的終點。



《功夫熊貓4》也確實在劇情設定上展現出阿波生涯最終代表作的氣勢，別的不說就先說這次的反派變色龍，他竟然是一個可以召喚出阿波過去所有對手的反派，這也意旨過去三集曾出現過的殘豹、沈王爺、天煞等等都有登場，這不是情懷是什麼呢？

變色龍有著可以將所有反派招式吸收到自己身上的技能，光從這點就幾乎可以斷定他是《功夫熊貓》系列最強大反派，不過這樣的強大卻沒有造成太大的威脅，而且電影似乎還刻意讓阿波在前面像是故意保留實力打不贏變色龍，得以使劇情有所推進，並且給有著傳承意味的角色有所表現，最後才發揮真正的實力來收尾。礙於阿波已經是頂尖戰力等級的角色，劇情上有這樣的編排也無可厚非，只是難免還是對於正反派的對決有些失望。



除此之外，《功夫熊貓4》並沒有什麼大問題，系列一貫的幽默與武打設計都在水準上，阿波的插科打諢也依然令人會心一笑，這是一部優秀的續集，它不僅成功為已經完整的三部曲故事線做出延伸，同時也得以讓老觀眾感受到一定的情懷，也不會賣過頭，畢竟，連最大的情懷蓋世五俠都僅客串一幕而已。

至於《功夫熊貓4》真的是系列最終章嗎？我想這點沒人說得準，或許阿波是準備要引退了，但這並不代表故事無法延續，畢竟他接下來扮演的角色定位還是大有可為。但從這集也能看出一個問題：似乎再也沒有更強大的反派能威脅到阿波，因此如果有續集，勢必得有個好劇本來掩蓋這個缺點才是。



說起來，《功夫熊貓》系列距離第一集也已經有 16 年之久了，現在一定也有許多新觀眾沒有看過，而《功夫熊貓4》當然不會有看不懂的問題，它對於新老觀眾都是很合適的，至少我看的那場有許多小朋友看得不亦樂乎，這不就是一部成功的動畫片了嗎？

",影Joy Movie,2024-04-10
https://news.agentm.tw/277226/,"如今要當個殺神，光只是對付黑幫還不夠，你還得要隻身幹翻一小支納粹軍團。近期在 Netflix 上架的芬蘭電影《SISU：黃金硬漢》，便是在這類孤狼電影一部接著一部推出之後，戰力通膨的最新代表。

但這絕非表示《SISU：黃金硬漢》是平庸跟風之作，事實上，本片仍有不少令人眼睛為之一亮的設計，加上 91 分鐘短小精悍的片長，讓略顯直線發展的劇情在看膩前就已經迎來滿足的收尾，娛樂性十分足夠，更是適合享受暴力美學的觀眾。

*以下有部分劇情提及

《SISU：黃金硬漢》的製片商「Stage 6 Films」發行過不少品質精良的類型片，其中的《暫時停止呼吸》、《全面突襲》系列也都是以不好惹的戰鬥機器作為主角。《SISU：黃金硬漢》可以看見一些基努李維《捍衛任務》的影子，包括那些殺神般的傳說（主角稱號是「科夏伊」），故事還沒由來的出現一隻狗。



不過，本片也試圖融入其他類型要素，如「淘金」本來是美國西部片的一個傳統主題，電影中章節字卡設計得復古，再加上大量大量的血漿，以及冷冽優美的風景，似乎有種向《八惡人》取經的感覺。後段「科夏伊」隻身從車隊往前殺戮，還解放了一小群女性奴隸的過程，也讓人想起了《瘋狂麥斯：憤怒道》。



在看《SISU：黃金硬漢》這類電影時，觀眾想看的自然都是令人血脈賁張的暴力場面，最好還結合大快人心的復仇要素。本片確實有不少血脈賁張（物理）的畫面，主角將地雷砸向納粹士兵，以及在水底割喉吸取空氣的動作設計都很有創意，可說是比約翰維克更不怕髒了自己的手。



電影開頭說明，「SISU」是一個無法翻譯的芬蘭語，意為令人膽寒的勇氣與難以想像的決心。這位傳說中曾經殺死 300 位俄羅斯人的「科夏伊」，如今只在乎他徒手淘出的黃金；在復仇過程中他挖開戰車車頂，又敲開飛機底部，那樣的動作就彷彿他一直在挖掘金礦，目標從未改變，也沒有任何人事物能讓他停下來。



「SISU」讓主角從爆炸的地雷中倖存，連絞刑架都制伏不了他，最後他死命攀著飛機一路向上飛的片段是有些誇張了，瞬間以為我打開的電影是《不可能的任務》——但到這個程度，你再也不會懷疑一個人可以決絕到什麼程度。

飾演《SISU：黃金硬漢》的演員 Jorma Tommila 本人已經 65 歲，確實將飽經風霜卻又堅不可摧的形象演了出來。美中不足的是，由於主演陣容幾乎都是芬蘭人，片中納粹軍人對話都使用英文來呈現，在觀看上略為出戲。不過如果是週末假日想看部可放空的爽片，這仍然是個不錯的選擇。

",Thelma 電影狂花,2024-04-10
https://news.agentm.tw/277212/,"構思經典電影的前傳故事，往往是吃力不討好的任務。除了要保留原作的氣氛及風格，還必須要在完整飽滿、頭尾呼應的原作劇本裡，探索能話說從頭的切入點，就像倒著讀一本推理小說，在所有機關與伏筆都真相大白的情況下，仍試圖找到新鮮感，以及揮灑創意的新空間。

1976 年《天魔》

打著恐怖名作《天魔》前傳名號的《惡之初》，就是面對如此艱鉅的挑戰。《天魔》的編劇大衛賽爾澤已將故事的前因後果解釋的清楚易懂，甚至在親自執筆的小說裡補足不少電影未詳述的資訊，讓我們見證惡魔之子「戴米恩」如何在撒旦信徒的協助下誕生，並以偷天換日的手段進入美國外交官的家庭，作為日後掌控世界的第一塊踏板。

如果《天魔》本身就是邪惡勢力的起源故事，那麼它還留有多少能追本溯源的篇幅呢？

幸運的是，《天魔：惡之初》克服了這個關卡。它聰明地從「惡魔誕生」的故事聯想到「惡魔之母」的緣起，讓這部前傳有個紮實的著力點。但這也是個取巧的手段，因為《天魔》的戴米恩其實沒有人類生母，而是透過豺狼借腹生子，塑造「看似人類，但毫無人類血緣」的詭異氛圍。



《天魔：惡之初》將原始設定改成「化身為豺狼的惡魔讓人類受孕」的作法，固然讓前傳故事有更多可行性，然而它也讓本片更像「重啟續集」(requel)，而非純粹的話說從頭。

不過撇除這個更動不論，《天魔：惡之初》仍然是一部與《天魔》的世界觀完美銜接的優秀前傳。除了首集重要角色布列南神父的登場（改由《綠騎士》的雷夫伊內森飾演）、熟悉的惡魔記號，與葛雷哥萊畢克的檔案照以外，本片對戴米恩的主題音樂《撒旦頌》(Ave Satani)的靈活運用，可說成功重現了作曲家傑瑞高史密斯在當年營造的驚懼氛圍。



從片頭用教堂鐘聲敲出的《撒旦頌》旋律開始，這首曲子就像片中的恐怖感一樣，總是默不作聲地潛藏在日常時分，卻在危急時刻精準地爆發開來，映射出陰謀策劃者的巨大黑影、混亂的時代，及墮落腐敗的宗教體系。

另一方面，《天魔：惡之初》並沒有亦步亦趨地模仿《天魔》系列的劇情公式，這也是它的可敬之處。我們對《天魔》系列的印象，通常是教會與惡魔信徒的鬥爭、將阻礙者滅口的怪異死亡事件，及刺殺惡魔之子的最後一搏。但這次的前傳明顯地減緩故事的步調，用主角面對宿命及陰謀的痛苦掙扎，取代刺激視覺的血腥暴力。而那些獵奇的黑暗儀式與惡魔蹤影，也變成真假難分的或心理暗示或幻覺。



此外，本片不再將戰場放在撒旦教與基督教的衝突，而是讓教會的激進派系試圖以製造惡魔的手段，迫使人類鞏固信仰。這個顛覆味道十足的翻案反而讓《天魔》的原始設定更為合理。

事實上，大衛賽爾澤對惡魔擁護者的來歷始終含糊其詞，只暗示這批勢力極為龐大且無孔不入，讓每次大戰幾乎都是正不勝邪。教會內戰的安排不但說明了敵人的能耐，甚至解釋了《天魔》系列小說的惡魔信徒們雖然服從戴米恩一家，卻無法坐視他們毀滅世界的理由。《天魔：惡之初》更意有所指的將不擇手段的激進派形容成「默許性侵醜聞且罔顧正義之人」，對宗教界一味維護表象及權威，卻無法順應時代改革的弊病，給予銳利的針砭。



有趣的是，《惡之初》與同期上映的《鬼聖胎》探討的主題幾乎一模一樣。雖然前者著重驚悚氣氛，後者偏重感官刺激，不過兩部片皆涉及野心份子用人工手段讓惡魔或救世主再現世間，以獲得主導權的陰謀。

生育在兩部作品裡成為製造苦難的工具．受害者更在失去身體自主權的情況下任人宰割。對加害者來說，這都是為了實現奇蹟的必要犧牲，但他們在實踐教義的同時，也揚棄宗教的人道精神，使宗教變的有形無體。



就連《天魔》的恐怖象徵戴米恩，在《惡之初》也淪為宗教陰謀的間接受害者。他在出生前就註定扮演邪惡的角色，無法選擇自己的人生，但他死裡逃生的手足，卻可能在母親的引導與教育下走向不同的未來。

《天魔：惡之初》讓戴米恩的姊妹登場的安排，一方面呼應當年電視電影《天魔甦醒》的情節，一方面也為本片的黑暗結局增添不少希望與暖意。而過去始終在《天魔》系列被邊緣化的女性角色，在《惡之初》有著更吃重的戲份，並可望成為開啟全新故事的關鍵。



無論《惡之初》是重啟系列的掌旗手，或僅是讓影迷重溫美好回憶的外傳，它所帶來的革新都會對這個經典品牌帶來深遠影響，也令我們更加期待。

延伸閱讀>>中國入侵台灣與俄羅斯，第三次世界大戰爆發：你從未看過的《天魔》大結局

",人狼屋,2024-04-10
https://news.agentm.tw/277005/,"羅素克洛主演的懸疑片《超危險警探》於近日上映，他在這部電影中飾演一個失去記憶的退休警探，為了重新調查過去曾參與過的案件，開始深入接觸該案件的相關人士，並逐漸發現真相似乎不單純。

整體來說，《超危險警探》可以說是一部中規中矩的懸疑片，劇情沒有什麼明顯的高低起伏，就是一部要你細嚼慢嚥的小品之作。

先提一下，羅素克洛先前有一部電影叫做《超危險駕駛》，我認為該片片名取得相當好，因為羅素飾演的就是一個路怒症的駕駛，但這部《超危險警探》就取得有些勉強了。我們會誤以為羅素這次飾演一個很兇悍的警探，但實際上，羅素這次就只是一個失去記憶，為了尋求真相的警探，在過程中更像是一個偵探在調查事情般，一點危險性也沒有，說他是《超危險警探》實在不太合適。

《超危險警探》全片透過角色章節的方式進行，以插敘的方式來告訴你各個角色間的關係以及遭遇到的故事，節奏上偏慢，但也不至於會無聊，可是假如你一開始就期待錯誤，那就可能會很想睡。



整體來說《超危險警探》的故事並不複雜，出現的角色也不多，始終圍繞在幾個角色間打轉，可是劇情編排上出現了一些問題。

首先，電影被一些無關緊要或是原地打轉的敘事拉長了篇幅，卻沒有起到加分作用，通常懸疑片這麼設計理應是要混淆視聽，可是《超危險警探》卻像是想不出更好的轉折或敘事詭計，敘事都沒有帶出該有的效果，反倒是在中途直接放棄，讓你一眼就看出誰才是真正的兇手。

這無疑是個致命缺點，儘管你還無法推敲出兇手的真正動機，但提前讓你知道兇手是誰就已經是個致命傷了。



像這種主角失去記憶的懸疑片並不新鮮，隨便就能講出如《魔鬼總動員》、《記憶拼圖》這種經典，或是近代點如連恩尼遜的《狙擊陌生人》、《記憶殺神》等等，甚至最近連《機密特務：阿蓋爾》也在玩這個。

這類建構在主角失憶上的懸疑劇情也是把雙面刃，它超容易被寫爛，但寫得好就有望成為經典，而《超危險警探》比較屬於中間值，它的劇情寫得很平庸，但靠著極為保守的敘事撐住電影，以至於看到最後你不會覺得它寫爛了，只是缺乏變化與新鮮感而已。



羅素克洛近年開始接拍各種不同類型的電影，雖然都不是什麼大片，但看到目前為止也都沒有特別爛的作品，而且各種角色詮釋看下來是還蠻有趣的，不論是路怒症駕駛、嘴砲驅魔士、正義感十足的無人機駕駛等等，再到這次追求真相的失憶警探，都能看出這位奧斯卡影帝的百變樣貌，而且別忘了，我們再過幾個月還能在《獵人克萊文》中看到他的身影，可以說是非常活躍。

如果你喜歡羅素克洛，或是想看一部可以細細品味的懸疑片，那麼《超危險警探》很適合你，當作是一部還不錯的小品是沒問題的，不要期待有任何「超危險」的動作場面就好。

",影Joy Movie,2024-04-09
https://news.agentm.tw/277003/,"命案、催眠、隱瞞、幻覺……《源生罪》以催眠貫穿全劇，影響記憶，隱藏真相，雖然追求的目的不同，幾個設定倒是和韓影《記憶之夜》有些相似，包含同樣在黑夜中跟蹤哥哥，看見難以置信的畫面之後因故昏迷，醒來被告知一切都是幻覺的橋段。不過《記憶之夜》的男主角從從催眠清醒後想起自己是兇手的事情，《源生罪》的樊雪兒又會想起什麼呢？



內容目錄

《源生罪》電影簡介

樊雪兒（陳紫萱 飾）從國外回香港的醫院實習，竟因為城中發生的連環殺人案，勾起她在母親當年突然病逝時失去的記憶碎片。她請求大哥樊博權以催眠幫助自己回溯當年的景象，卻在一次次的回憶中，發現大哥和二哥樊承天、乾哥柳聶民對自己隱瞞了不為人知的秘密……

《源生罪》電影預告





父母與子女一生的雙向責任

如果《源生罪》讓你聯想到原生家庭，自信點，本片的確是與家庭緊密相連的劇情。不能否認，一旦有了孩子，「責任」就是雙向性的，即使大多覺得身為父母比較辛苦，子女撒手不管的也很多，那就以最 peace 的狀況來想像，把孩子養大不容易，為長輩養老也是一大難事。



《源生罪》包含雪兒三兄妹，安排三個家中有老年人需要照顧時的情況和組合：子女在家照料重病老母；孫子照顧邁入癡呆的奶奶；癌症住院但能依靠的只有老伴（劇中就算爭執至少兒女有負擔醫療費，算不幸中的大幸）。

無關劇情的鋪陳，不管電影表現的好壞，光這個議題就會看得揪心，尤其是母親治病需要醫療費，自己卻只是個孩子，面對龐大的經濟壓力， 照顧者和被照顧者的壓力都會形成無力感，此時雙方會做出什麼事情可說不一定。雪兒透過催眠治療加上記憶，看到不同的真相，其實也在演示不同的悲劇給觀眾看，提醒長照的重要性……怎麼講成像保險宣傳片了！





不是原生也是我的家人

《源生罪》相當著重在感情上。並不是說會有接二連三的催淚戲碼，而是以各種不同形式繫結而成的「家人」，畢竟熟知《火影忍者》的人一定知道，這世上有一種羈絆叫作「鳴人與佐助」！（岔題了）以三兄妹來說，除了二哥樊承天與雪兒是親兄妹，大哥樊博權與他們是同父異母，柳聶民是雪兒乾哥哥，樊承天還有一個能為他拋頭顱撒熱血的小弟。



雖然想演出不是同父同母也有斬不斷的情誼，瞧他們對戲的感情也挺濃烈的，仍舊有不真實的感覺，若可以多演出小時候的天倫之樂，經營感情，或許能減少像在干涉別人家務事的違和感。另外樊承天的小弟最為突兀，熊熊殺出幾句對白講述對樊承天的忠心，比起兄弟情，更像恐怖情人或是跟蹤狂的存在。





佈局很懸，那麼收尾也要……

題材固然很沉重，劇情還是以懸疑為主，不至於沉悶。雪兒藉由催眠重現過去的片段，一次次提出對母親死因的質因，卻每次都被周圍的人否定，這讓雪兒看起來陷入了分不清現實與幻覺的精神異常。在這樣曖昧不明的情況下，雪兒仍然不放棄找尋答案，反覆聽小時候的錄音帶也好，跟蹤哥哥也好，害自己險象環生也好，死裡逃生也好，歷經一番寒徹骨，疑點的確一個個浮出水面，人人都看似有嫌疑。不過真相並沒有想像的撲朔迷離，而且為了讓結局往預設的方向走，樊博權最後一次對雪兒的催眠有些多餘，劇情的轉折生硬，雪兒得知實情後的獨白也顯得刻意。整體來說，反而是虎頭蛇尾的操作。





其實什麼都有了，還缺什麼？

那麼將焦點放在表現手法上呢？藉由催眠，雪兒陷入回憶的水流之中，一次次重現兒時在母親身旁的片段……這種以「水」為傳導的手法並不少見，首先想到的是《在咖啡冷掉之前》，當然這兩部片無論在風格或劇情都是天壤之別，《源生罪》搭上濃厚的色彩，回憶與水的關聯性中在本片有水能載舟亦能覆舟之意，不只是承載記憶的媒介，更是令人窒息的環境。所以，《源生罪》穿插較為意識流的手法，氛圍是有了，劇情也有了，退一萬步說，要親情或友情來調劑也有了，《源生罪》於我而言要說留下多大的記憶點，卻還是沒有。



",電影虎蘭花,2024-04-08
https://news.agentm.tw/276956/,"三池崇史，應該是日本最喜愛精神病態主題的導演。《殺手阿一》、《以藏》、《極道恐怖大劇場 牛頭GOZU》比比皆是，這些電影裡通常都有一個、兩個、或甚至所有角色都有精神病態傾向。在《惡之教典》裡，他讓演慣正派男主角的伊藤英明，隨著名曲《Mack The Knife》的輕快拍子，用霰彈槍一個一個轟爆學生。現在，他又讓帥氣的傑尼斯王子龜梨和也，在新片《怪物樵夫》裡飾演精神病態殺人魔，那麼，我們的問題是……這部電影真的回歸了三池崇史的瘋狂血腥味嗎？



律師二宮彰（龜梨和也飾）是完美無瑕的律師，身為律師的他英挺帥氣、又即將成為事務所老闆、未婚妻還是美麗的前老闆女兒，但是這位人生勝利組，其實卻是真正的變態殺人魔。有病態人格的二宮，缺乏道德感與同理心，想殺就殺。但某天他卻遇上了更瘋狂的「怪物樵夫」，怪物犯下多起殺人案，並用斧頭劈開被害人頭顱盜走腦部，而牠的最新目標就是二宮……殺人魔vs怪物，誰能活過這場瘋狂殺戮？



內容目錄

精神病態，在《怪物樵夫》裡變成了呼吸一般的存在

《怪物樵夫》原著是小說家倉井眉介的處女作，並且獲得了 2018 年「這本推理小說了不起！」大獎。這本小說確實驚人，看看上面的設定，這本小說開場就令人充滿興趣。瘋狂的殺人魔，對上外表詭異的怪物，誰會贏？這完全是《佛萊迪大戰傑森之開膛破肚》、「貞子vs伽椰子」、「異形vs終極戰士」《異形戰場》、或是「金剛vs哥吉拉」的格局。這種強強對決的劇情設定，永遠都能吸引觀眾入場。



不只如此，這還是一本推理小說。究竟怪物是如何誕生的？牠是人還是實驗失敗的異生物？牠為什麼要偷取人類的腦部？而牠與二宮又有什麼關聯？這些問題令讀者/觀眾好奇，但除了這些，另一方面二宮彰的劇情也充滿刑偵劇的趣味：警方側寫師戶城嵐子懷疑怪物與二宮的關聯性，進而察覺二宮完美人設之下的病態性。而二宮不但必須想辦法迴避戶城的調查，他還要在警方抓到怪物之前先找到牠……殺人魔的自尊，讓他必須對膽敢殺害自己的怪物復仇。二宮與戶城都想早一步抓到怪物，彼此展開了一場相互欺騙與周旋的競賽。



兩強之一的怪物樵夫很少開口，牠出場就是要砍人腦袋，所以重點當然在龜梨和也飾演的另一位主角身上。《怪物樵夫》其實沒有太過鋪陳這位連續殺人魔的「業績」，你只會在電影開場看到他的一場殺人戲。那麼，如果不用血腥來強調二宮的殺人魔身份，要如何彰顯二宮的瘋狂呢？電影強調的是這個角色的孤獨。二宮外表是現代社會的人生勝利組，但他的真面目卻是最惡劣的社會渣滓。完美形象並非用來規避法律制裁，而是讓天生病態的二宮，能在這個人類社會繼續活下去。



你會因為能呼吸氧氣而開心嗎？平常應該不太會，但我們必須呼吸。精神病態，在這部電影裡變成了呼吸一般的存在。二宮殺人並非因為要釋放某種病態欲望或宣洩性飢渴，而是因為他必須「呼吸」，這是他無法抗拒的天性，因此殺人變成了一種無情緒的日常動作，他也不會在殺人後邪惡地仰天大笑。這種不容於世的生理特性，使他只能與所有人保持距離，以人人欣羨的形象在社會上立足，而只能與同樣精神病態的夥伴成為朋友。電影裡二宮的豪宅內裝都很空曠、擺設簡單，就是要強調這樣的孤獨感。



做為傑尼斯偶像，本來就要維持一個完美無瑕的銀幕形象，而在長年的演藝生活之下，偶像的內心必然需要承擔巨大的孤獨。不能公然談戀愛、不能隨意外出、言行必須謹慎、真實的偶像，其實與《怪物樵夫》裡的精神病態者描寫差不多。讓龜梨飾演一位殺人魔角色是破格之舉，但在理解他傑尼斯偶像身份之後，會得到另一種弦外之音的樂趣。



怪物與殺人魔的殺戮背後，是一個陰暗的祕密。這部電影依循小說的形式，在解開黑暗謎團的過程中，穿插了一本繪本《黑暗樵夫》的故事，繪本裡怪物樵夫四處吃人，但日子久了，他開始懷疑自己是「變成怪物的樵夫」，抑或是「偽裝樵夫的怪物」，迷惑於自我定位。童話風格的繪本橋段，在陰暗的實驗室場景與命案現場畫面之間出現，刻意製造了一種突兀的詭異美感。

《怪物樵夫》，一部不太像三池崇史的電影

《怪物樵夫》看起來還不錯，而它的問題不在龜梨和也這些演員身上，問題在三池崇史自己身上。

《怪物樵夫》導演三池崇史(右)

曾經在九〇年代起持續驚嚇全球影壇的三池崇史，在二〇〇〇年代後半轉向商業主流，拍攝了大量的改編作品，這些改編作品與他自己的原創電影風格差異巨大，很多是歡樂風格或兒少導向作品。但風格轉變還是小事，問題是這些改編電影的品質與評價都欠佳，曾經被譽為「日本最暴力導演」的三池，突然變成了「改編電影爛片王」的三池。為什麼？因為只要有人捧著錢請他拍電影，他就來者不拒。



當然不是所有三池的改編電影都很差，但三池不太會拍改編電影的主因似乎也很簡單：三池本人的獨特風格太強烈了。看看《以藏》、《極道恐怖大劇場 牛頭 GOZU》、或他近年再度回歸獨立製片風格的《極道大戰爭》就能理解。三池的瘋狂是毫無道理的，而殺戮與暴力只是這種瘋狂的單一種面向。如同他的《以藏》：在古代被處刑的殺人魔以藏，死後突然能時空轉移到各個時代，繼續他的殺人大業……為什麼他能跳躍時空？為什麼他要持續殺戮？這些三池在電影裡都不會解釋。

《極道大戰爭》裡的小混混突然有了奇怪超能力，被他咬過的人都會變成流氓……所以這部電影裡有阿嬤流氓、女高中生流氓、警察流氓……然後一隻超能力青蛙殺手要殺了這些吸血鬼流氓，最後甚至出現了巨大青蛙怪獸。這是什麼亂七八糟的劇情，但這就是三池崇史的瘋狂本質，這種瘋狂有一種別人無法模仿的歡樂與釋放感。但要拍攝一部改編電影，三池必須盡力壓抑這種瘋狂，他失去了天馬行空的自由——因為現在電影必須照著本子走。



所以，其實與原著小說內容相差不多的電影版《怪物樵夫》，變成了一部不太像三池崇史的電影。電影裡有一些割喉戲，鮮血噴得異常地多又不受控制，這些鮮血可能是最三池崇史的部份，但也僅只如此。三池崇史原創電影的劇本其實都很單純，許多橋段裡更有大量明顯臨機應變的脫稿演出，但《怪物樵夫》不同，這是一個有數個逆轉橋段的推理小說，它理性多了，明顯不是瘋狂三池擅長的混亂路線。



《怪物樵夫》變成了一部導演的「違心之作」（又一次），因此這部電影在製造驚悚電影必要的危機感時，顯得力不從心。它的設定是非常引人入勝的，但介紹完設定後，電影需要基於這個設定去發展劇情，而這些後續發展突然就失去了魔力。例如二宮彰的未婚妻並不知道他的殺人魔身份，觀眾看著可愛的吉岡里帆投入龜梨和也的懷抱，當然會為她提心吊膽……但電影卻沒有利用這個機會，真的製造一些驚險的氣氛，導致這個「完美被害者」身份的未婚妻角色，變得可有可無，只是推動某些劇情的功能性角色。



所以《怪物樵夫》確實把整個故事講完了，但聽故事的人，卻未必能享受到在劇情以外的戲劇效果。確實龜梨和也、中村獅童、染谷將太等演員的表現還不錯——特別是三池愛用的硬漢演員渋川清彦格外優秀。但是，這裡的渋川清彦並沒有比《殺手阿一》或《極道大戰爭》這些三池舊作裡的渋川更亮眼。

如果你是一位忠誠的三池崇史鐵粉，如果你不知道這是一部三池執導的電影，也許反而能比較享受這部作品。

",龍貓大王通信,2024-04-08
https://news.agentm.tw/276928/,"撇開我們先前聽到的種種評論，假設你的親友完全不知道 4 月 1 日在 Netflix 獨家上架的《聖鬥士星矢》，在國外獲得了怎樣的票房與評價，那麼這就可以說是一部再完美不過的節慶電影，讓你可以帶他們度過一個叫人開心不已（至少對你而言）的愚人節，使人不禁覺得 Netflix 應該是特別瞄準了這點，才選在愚人節這天上架本片。

對於無數漫畫迷來說，於 1985 年至 1990 年間連載的《聖鬥士星矢》，可說擁有至高無上的地位，不僅交由他人繪製的各種前傳、外傳與續作等動漫畫至今仍在不斷推出，就連其相關玩具，也同樣暢銷不墜。

甚至，回想起麥當勞剛在台灣推出外送服務時，外送員揹著的那個方型外送箱，由於其大小正好就與漫畫中的聖衣差不多大，是以在當時還引起了一陣漫畫迷的討論，覺得那個設計肯定是參考了《聖鬥士星矢》。



至於這部美日合資，由托馬什巴金斯基執導，新田真劍佑、芳姬詹森、麥蒂森艾斯曼與西恩賓主演的真人版《聖鬥士星矢》，則簡直就像是為了激怒原著迷而生，不管世界觀、劇情、角色，乃至於聖衣造型的更動，全都令支持者錯愕不已，所以要是你越愛原著，那麼看這部電影的感覺，大概也會越為憤怒。



所幸的是，雖然我確實有完整看過原著，但也並非死忠的《聖鬥士星矢》書迷，再加上我認為改編作品是否忠於原著，其實與作品好壞未必有太大關聯，所以就算許多地方與原著天差地遠，但只要自身足夠好看，倒也沒什麼太值得計較的。

但問題在於，就算把原著撇到一旁，《聖鬥士星矢》也明顯是部爛片，劇情就連放到 90 年代，也差不多就是那種不入流的電視電影等級，最後再搭配上其實還算可以，但風格實在有些微妙的電腦特效後，則反倒加強了整體的愚蠢程度，令人在許多地方，都搞不清楚這部片究竟想帶給觀眾怎樣的感覺。



舉例來說，光是電影的開頭，主角星矢的行徑便讓人困惑不已，不知道為什麼他明明自己要參加地下格鬥賽，卻又一副愛打不打的模樣，然後又為何要去挑釁看起來明明還算有點關心他的角色，導致對方從此視他為敵。

而在接下來的情節裡，這樣的狀況則越演越烈⋯⋯例如主角明明對許多超自然的說詞抱持存疑，但是等實際到了一個地心引力明顯失去作用的地方，卻又沒什麼太大反應，好像那只是再常見不過的風景。



再不然，則是女主角在毫無必要的情況下，便決定跑出躲藏數年的安全地點，只為了跟主角講幾句根本沒必要到外面才能講的話，最後則導致危機就此發生，因而在種種情節相加之下，讓人打從心裡懷疑這些角色的智商何在。

更糟糕的是，隨著你看到後來，甚至就連正邪雙方的立場，也會讓人不禁心生困惑，覺得不管再怎麼想，反派的作為好像都還比較合理，至少他們有想試著解決問題，反倒是主角所屬的這方，則怎麼看都只是為了一己私情，而把全世界的安危給拋在一旁，甚至還從未認真思考眼前的危機，究竟還有什麼其它的解決方法似的。



除了那些欠缺說服力，讓人搞不懂角色思考邏輯的情節外，《聖鬥士星矢》就連戰鬥的爽快感也明顯不足。雖然武打勉強還行，但拍攝方式卻像 90 年代的美國版《快打旋風》這類電影．無論剪輯、鏡位與運鏡都乏善可陳，其中大量的拙劣慢動作鏡頭，甚至還只讓人覺得尷尬無比，冷到就像是中了冰河的「鑽石星塵」，接著才又想起這角色根本沒被編導給放進電影。



但矛盾的地方在於，要是你問我是否討厭這部電影，我還真不討厭。因為，雖然《聖鬥士星矢》又蠢又爛，但至少它還爛到一個不時惹人發笑的地步，總比那些爛到無聊的電影，要來得好上太多太多。

不管是女神雅典娜小宇宙爆發的結果，竟然莫名有著接髮、染髮、離子燙這些簡直就是髮廊套裝服務的副作用，或是原本該讓觀眾激動不已的動畫主題曲改版配樂響起時，卻由於那個橋段實在太不激昂等安排，都有一種讓人忍不住懷疑導演是否刻意擺爛的奇妙感受。



因此，在這些狀況混和下，也讓看《聖鬥士星矢》的感覺，有點像是回到了 1995 年的《魔宮帝國》那時候，讓我們看著為神而戰的奇幻鬥士，與生化改造的科幻士兵毫無邏輯地戰成一團，只差在《聖鬥士星矢》並不像《魔宮帝國》那麼大方坦蕩，而是還佯裝矜持地故作正經，因此最後也無法像《魔宮帝國》那樣，得以盡情展現出其中的惡搞所在。



更微妙的是，你甚至還可以在《聖鬥士星矢》裡，看見編導彷彿試圖向其它好萊塢電影取經，硬要將那些元素塞進這部電影裡的情況。

例如片中的聖衣，就像是鋼鐵人的高科技戰甲一樣，明明只是一個項墜，卻可以直接變出一整套聖衣讓主角穿在身上。而全片最後的高潮，則更是讓人覺得《聖鬥士星矢》找芬姬詹森來演，簡直就像是一種刻意的致敬之舉。



因為，在這部片中的雅典娜，與其說是改編自原著漫畫而來，反倒更像是從 2006 年的《X戰警：最後戰役》裡頭，那個無法控制理性與鳳凰之力的琴葛蕾改編而來。就連主角的聖衣在不斷化為灰燼的情況下，也要努力向前走去的畫面，也與《X戰警：最後戰役》幾乎如出一轍，讓人困惑於編導什麼不抄，為何偏要跑去抄一部「X戰警」系列裡頭，絕對排名倒數的知名劣作。



但就算如此，這裡還是要再度重申，我確實一點也不討厭這部電影。因為《聖鬥士星矢》真的爛到好笑，只要你不是太愛原著，應該就還是能在觀賞本片的過程中，緩緩升起一股位於爛片維度的興奮小宇宙。要是能跟一堆朋友聚在一起邊看邊笑，勢必能再度喚醒你的神祕第七感。

燃燒吧，你的爛片小宇宙！別害怕浪費時間，因為這就像漫畫裡的雅典娜說的差不多——反正，你還有生命啊！

",出前一廷,2024-04-05
https://news.agentm.tw/276915/,"由雷利史考特執導，2015 年上映的《絕地救援》已經成為現代商業科幻片相當有記憶點的存在，主角也成為史上最知名的馬鈴薯農夫和「太空海盜」。麥特戴蒙再度飾演一位等待救援的角色，他前一年才在《星際效應》中化身為踏上有去無回任務的先鋒太空人，當年觀眾若連續觀賞這兩部電影，肯定會心一笑。

《絕地救援》可以看作是太空版的《魯賓遜漂流記》或是《浩劫重生》（有趣的是，1964 年曾有一部改編自同名小說的《魯賓遜漂流火星》），不過主角馬克瓦特尼沒有星期五或威爾森那樣的陪伴，因此要讓觀眾陪伴孤身一人的他而不感到無聊，很仰賴劇本設計的巧思。

《絕地救援》裡，就靠著馬克富有幽默感的太空日誌推進劇情，除了他這一端努力在火星貧瘠的土地上倖存，另一條線則是 NASA 各種決策與努力的過程，讓這部長達 142 分鐘的電影流暢而不拖沓。



而幽默感也是《絕地救援》很突出的一項特徵，在此之前雷利史考特拍攝過兩部太空題材的電影，分別是《異形》和《普羅米修斯》（這兩部片其實共享同一個世界觀），但它們故事中暗示的命運都比較悲觀，也對人類可以在無聲的太空中可以達成什麼目的不抱希望。

相較之下，《絕地救援》就顯得相當樂觀，雖然兩方都遭遇不少挫折，但整體而言調性也比較輕鬆愉快，可以把他們看成是致力於解決眼前問題的工程師或專案經理，而不是試圖營救一位被困在距離地球 5400 萬公里（最遠可達 4 億公里）的太空人。



這份樂觀也體現在《絕地救援》呈現國際交流的方式，這在近十年後的現在看來，已經是一份過時的期望。我們再也不能想像中國願意放棄他們在航太科技掌握的先機，只為了拯救一位全球關注的美國太空人；也不太可能會看到美國和中國共同在這種高度機密的領域裡，共同培育新人才。好萊塢當時預料不到，而現在回看也只能成為一種唏噓。



不過，《絕地救援》作為一部娛樂科幻大片，確實提供觀眾非常精彩的觀影體驗。除了麥特戴蒙之外，其他演員陣容也都表現不錯，潔西卡雀絲坦戲份雖不多卻總讓人安心，西恩賓（這次沒有領便當，但領了一次口頭開除）和傑夫丹尼爾的對手戲將整個故事拉到實在的地面，兩條劇情線重量一致，最後才完美的收束在一起。

《絕地救援》描述了一個格外艱鉅的任務，不同的挫折接連發生，但這部電影告訴我們樂觀面對會比坐以待斃還要好——你得先自救，別人才能拯救你。

",Thelma 電影狂花,2024-04-03
https://news.agentm.tw/276824/,"哥吉拉的怪獸宇宙系列，從一開始以文戲為主導，嚴謹地帶出怪獸的樣貌，也控制怪獸打架篇幅的風格，到了《哥吉拉大戰金剛》有了巨大的改變，徹底變成一部以怪獸為主的無腦爽片。

先不論這樣的改變到底好不好（畢竟從票房的角度來看其實也無法判定），或許是《哥吉拉 II：怪獸之王》的票房很差，因此片商決定把風格改成無腦爽片，但其實《哥吉拉大戰金剛》的票房也沒進步到哪去，至今最高票房仍然是前者風格的第一部《哥吉拉》，所以，頂多只能說這樣的風格沒有失敗而已。

而這次的《哥吉拉與金剛：新帝國》就延續著《哥吉拉大戰金剛》的風格，持續採用無腦爽片的方式來拍攝，開頭就直接讓金剛帶領觀眾進入這次的主題。一段無台詞的戲，只見金剛獨自一人吼叫著，對抗那些地心世界的不速之客，開頭這段除了定下本片有著更多讓怪獸引領劇情的調性，還間接宣示本片的主角就是金剛，如果你是哥吉拉的粉絲，可能得先退下。





內容目錄

怪獸戲份明顯變多，人類充當配角

雖然金剛是《哥吉拉與金剛：新帝國》的劇情領銜，但這並不代表人類的戲份有因此減少，事實上前面大概有一個小時的時間都是人類為主的戲份，這個怪獸系列一直以來都有觀眾爭論，人類與怪獸的戲份到底該怎麼拿捏才好，而我認為，孰多孰少都不是問題，而是他們各自代表的劇情到底有沒有意義？

以《哥吉拉》第一集來說，人類的戲份比重就明顯比怪獸多很多，然而兩方的劇情線都處理得很好，人類在這片裡並不是沒有意義的角色，他們是帶出哥吉拉存在的重要因子，而且同時也是襯托出怪獸登場後產生出的末日感，那種山雨欲來的氛圍就營造得很棒。



而回到《哥吉拉與金剛：新帝國》，事實上就我的印象，這次人類的戲份依舊和《哥吉拉大戰金剛》是差不多的，可是這次比上次可以更明顯感受到怪獸戲份比較多的感覺，主要就是它對這些文戲的精簡化，先前總是圍繞在君主計畫以及各種什麼大自然的反撲、陰謀論等等有的沒的科學面的東西刪減到極致，雖然研究人員依舊有，主角群也是為了研究而前往地心探勘，然而劇情不再贅述那些東西，他們這次就是來當怪獸的配角的，任何有關人類的戲份你都可以放空來看，這麼形容應該比人類戲份少要來得更準確。

這的確成功讓《哥吉拉與金剛：新帝國》變成一部超級無腦的「怪獸」片，就連此次人類中最重要的角色也是為了喚醒某關鍵怪獸的存在，你就知道這部電影有多怪獸了，相信對於喜愛這種風格的觀眾來說絕對可以享受到一定的娛樂，我們就不談這部電影如果換風格會不會比較好，這沒有意義，而是在這樣無腦的框架下，這片還有什麼缺點？





《哥吉拉與金剛：新帝國》的缺點

首先是金剛的部分，儘管金剛是主角沒錯，但是電影中段金剛在地心探險、到發現反派刀疤的巢穴這段過程實在有點無趣。這不是《猩球崛起》，片中的猴子都不會講話，但電影卻硬要拍得跟《猩球崛起》一樣，觀眾只能看這些猴子比手畫腳，我不認為這些需要那麼長的篇幅來呈現。

再來則是《哥吉拉與金剛：新帝國》的戰力設定明顯有問題，尤其在金剛身上更為明顯，金剛打不贏刀疤也就算了，怎麼連路上的雜魚都會讓金剛陷入苦戰？那些猴子到底有多耐打？金剛的一拳應該是有一定的破壞力的，怎麼被打到的猴子連受傷都沒有？這點我真的匪夷所思，而且金剛本身的打戲也越來越黔驢技窮。

雖然金剛本來就不像哥吉拉還有噴射能力，因此真的完全是靠拳頭來打架的，可是金剛好歹還有一支類似隔壁棚奎爺的利維坦之斧」的武器可以用，甚至後半段還裝了機械手甲，導演就不能幫金剛設計一點厲害的動作戲嗎？最後金剛就是在那邊一直左一拳右一拳而已，然後根本打不死人，真的越看越難看。



而《哥吉拉與金剛：新帝國》最後大戰的部分也有個問題，金剛好不容易從地表上把哥吉拉叫來地心裡面幫忙，終於兩方人馬集結要大戰了，結果人類卻突然在裡面搞出一個無重力狀態，這時一群怪獸本來要正面對決，就突然在空中飄來飄去亂打一通，說真的我不曉得這邊在拍什麼，更好笑的是，打沒多久這群怪獸又都被傳送到地表上了，不曉得剛剛費盡功夫把哥吉拉帶來的金剛在想什麼？哥吉拉又在想什麼？雖然是無腦爽片，但這樣的劇情也未免無腦過了頭。



到了地表戰鬥後就沒什麼大問題了，除了我剛剛提到的金剛戰力問題外，哥吉拉本身的表現是最沒問題的，畢竟如果連哥吉拉都出問題，那《哥吉拉與金剛：新帝國》應該就真的淪為爛片了。而客串的怪獸雖然戲份不多，卻有著畫龍點睛的效果。

另外，如果有人在乎的話，迷你金剛也有混入最後的大戰就是了。這場大戰結束後，電影更以極快的速度來將這部電影畫下句點，再次顯示出沒人會在乎這部劇情的態度。



是好是壞取決你對怪獸片的口味

整體來說，《哥吉拉與金剛：新帝國》有著和《哥吉拉大戰金剛》一樣的無腦風格，甚至還要更無腦，如果你在這個系列是只求怪獸幹架就好的客群，那麼你應該會看得很盡興，反之，如果你有那麼一絲要求劇情的想法，那麼它可能會讓你從頭吐槽到尾，它是好片還爛片，完全取決於你對怪獸片的口味，就是這麼簡單。

",影Joy Movie,2024-04-02
https://news.agentm.tw/276790/,"四年前的一月，某個下班後突然心血來潮，拿起了《排球少年 !!》的漫畫，結果花了大概五個晚上才將它們一本一本從頭看到尾，然後受到了深深的感動，從此我也成為了眾多「排民」中的一份子。四年後，劇場版《排球少年 !! 垃圾場的決戰》以動畫電影的形式，自今年二月於日本的電影院透過大銀幕上映。剛巧我與朋友安排了場二月底到日本的旅程，便決定要找一天去看劇場版，用我們的眼睛紀錄少年們在 9×18 公尺的場地內，進行「無法再來一場」的比賽。（＊編按：「排民」為粉絲間的自稱）

內容目錄

劇場版《排球少年 !! 垃圾場的決戰》日本熱映版預告＆電影簡介：



電影以運動鞋在木質球場上磨擦，這樣真實無比的聲音開始。本作主角日向翔陽所屬的烏野高中排球隊，與本片關鍵人物孤爪研磨所屬的音駒高中排球隊，經過幾次合宿訓練萌生了友誼，但同時也產生了想要贏過對方的意識。一向對大部分事物都興趣缺缺的研磨，竟非常難得地對了日向說：

「想要打一場沒有第二次的比賽，輸了就馬上結束的那種。」

兩隊之間從教練那一代就開始的「垃圾場的決戰」，將在春高──全日本排球高等學校錦標賽的第三天賽事中，迎來勝負。

左是研磨所屬的音駒高中排球隊，日文發音中的「音駒」音近貓咪；右為翔陽所屬的烏野高中排球隊，日文發音中的「烏野」音近烏鴉。日本常見到貓與烏鴉在垃圾場爭食，也因此音駒與烏野兩校之間的比賽，成了「垃圾場的決戰」。



一個人對他人的影響，很可能會改變對方的一生

在音駒的橫幅布幕上，寫著：「繋げ」（聯繫），這句應援標語不只代表著接球、傳球與扣球等進行賽事時會有的動作，同時也代表了從人開始，聯繫到另一個人，最終形成一張巨大的網。

「繋げ」標語。懷著不同心思的人們，因為排球而集結於此，聯繫了起來。

而最能將這句標語發揮得淋漓盡致的，我想應該就屬黑尾了。黑尾影響了研磨與月島，還有之後的許多人，不管最後這些人是否還會持續打球，但知曉快樂，才能持續喜歡。「因為喜歡，所以想讓更多人也喜歡。」這份喜歡的心情，成為了大家之後為了目標向前邁進的動力。

《排球少年 !!》研磨回憶中的黑尾鐵朗。



＊以下內容包含劇情發展



熱血運動番裡互相砥礪、競爭的人物與羈絆，還有動人溫情

──阿黑，謝謝你教我打排球。

角色之間的互相砥礪、競爭、羈絆都完善了故事，這一點是我自己非常喜歡《排球少年 !!》的地方，而且可由此看出作品中的那份溫情。特別是因為片中適時出現的回憶畫面，造成角色心境上的轉變，或是達成一直以來的願望那幾幕，讓人看得好幾次淚水在眼眶中打轉。而最讓人不禁熱淚盈眶的，便是貫穿本作的副標題──《垃圾場的決戰》，也是兩隊的貓又教練與前任烏養教練幾十年排球生涯中，最希望進行的一場比賽。

海報上隱約可見到烏鴉與貓之間即將展開「垃圾場的決戰」。

比賽最後，當轉播畫面帶到現任烏養教練（前任教練之孫）與貓又教練互相握手，老烏養教練在旁人有些驚訝的目光中也伸出手，向昔日對手致上敬意時，更是讓人不禁鼻酸。感謝這群熱愛排球、堅持排球的少年，延續了兩位教練、兩支球隊之間的緣分。



巧妙的音樂與運鏡串起精采球賽與人物羈絆，讓電影看點滿滿

《排球少年 !!》能這樣吸引人，除了精彩的比賽內容之外，很大一部分要歸功於漫畫原作者古館春一老師筆下，各種極具魅力的人物角色，與他們交織出的羈絆與友情。不管是作為本片劇情主線的日向與研磨，或是同屬音駒的黑尾與研磨，甚至是分屬兩隊的月島與黑尾……等人之間，激撞出的化學反應與最後的結果，都有一種令人心潮澎湃的感覺。

《排球少年 !!》系列主角：日向翔陽。

而在本片中，除了透過大銀幕感受精彩的比賽過程外，巧妙動人的音樂、流暢的運鏡，與電影裡不時穿插著，交織於研磨與黑尾之間，從兒時到大家在特訓時的點點回憶，絕對是這次的重要看點。而說到動畫《排球少年 !!》系列的音樂元素，絕對是非常為人津津樂道，為《排球少年 !!》動畫系列打造出許多經典配樂，林ゆうき與橘麻美兩位活躍於影劇動漫作品的知名作曲家，加上由排民也很熟悉的搖滾樂團 SPYAIR 所演唱的主題曲，這個固定班底組合基本上就已經是無敵；而本片的主題曲歌詞也非常地符合故事：

あと 1 秒だけ もう 1 秒だけ
なんて 惜しみながら行くよ

好想把比賽多延續一秒、好想再多打一球……

劇場版《排球少年 !! 垃圾場的決戰》主題曲〈Orange〉──SPYAIR：



──好想再多看一秒。

已經接近深夜十一點的電影院裡，當本片最後的工作人員名單跑完、彩蛋看完，意猶未盡的我們還端坐在椅子上，回味了好幾分鐘才起身，依依不捨地離開。走在皮膚還會感覺到陣陣涼意的池袋街頭，我們的呼吸炙熱、情緒還有些亢奮。「回台灣後再多看幾次吧──」我在心裡這樣想著。

電影院內裝飾著兩校的主要人物與各種劇照，「真實版」貓與烏鴉的對決不禁令人會心一笑。

劇場版《排球少年 !! 垃圾場的決戰》在台灣自 4 月 12 日起正式上映。

延伸閱讀 >> 梶裕貴談劇場版《排球少年 !! 垃圾場的決戰》: 「村瀨步挑起我的情緒與鬥志！」4 月全台灣電影院熱血上映

撰文：AO

",電影神搜,2024-04-01
https://news.agentm.tw/276727/,"Netflix 新上架的原創電影《恐懼的代價》(Le Salaire de la peur) 往前回溯，有兩個目前公認成為經典的版本，一是 1953 年由亨利喬治克魯佐執導的《恐怖的報酬》，另一部則是 1980 年、威廉佛雷金（也就是《大法師》導演）所拍的《千驚萬險》(Sorcerer)。

1953 年《恐怖的報酬》。

這個改編自同名小說的故事究竟有什麼魅力，值得一拍再拍？或許我們可以從諾蘭對原版電影《恐怖的報酬》的讚譽中一窺，他是這麼說的：

「這是一部傑作。我團隊中有很多人不知道為什麼我要放這部片給他們看，但其實很合理。這部電影給我們的，就是純然的懸疑感 (pure suspense)。



懸疑感來自機械的、過程的和體能上的各種艱困，看看卡車必須在懸崖上高台迴轉、輪胎卻起不了反應的那個場景！這就是我想帶給《敦克爾克大行動》的懸疑感。」

Netflix 版《恐懼的代價》。

但如果你想在 Netflix 版的《恐懼的代價》尋找這種懸疑驚悚，那肯定會大失所望。在前兩版電影中，卡車司機兩兩一組（因為這樣才能有人換手開車），遭遇到的困難是極度惡劣的路況、還有像是隨時都要解體的卡車狀態；他們確實也碰上民兵襲擊，但軍事要素作為路途「關卡」的成分少了很多，更多是在對抗環境、天候與大自然。

1977 年《千驚萬險》。

例如《千驚萬險》最經典的場景，便是卡車在瘋狂暴雨中，搖搖晃晃通過一座隨時都會碎裂掉入河中的吊橋，車與人東倒西歪，後車廂的硝化甘油隨之擺動⋯⋯大自然的威壓是難以匹敵的，人類無法征服。



其實很容易就可以看出，Netflix 版《恐懼的代價》的改編方式是採取什麼思路。前兩個版本中，四位卡車司機彼此不相識，只是都有著必須冒生命風險接下這個任務的動機，可以說是命運將他們湊在了一起（而「命運」也是電影中最大的主題）；Netflix 版《恐懼的代價》則出於某種理由，認定登場角色必須有情感糾葛和人物成長。

這完全沒有必要，更何況這些演員的臉和演技都令人過目即忘，但如果電影拍得夠驚悚也不是不能原諒⋯⋯可惜觀眾無法如願。

《恐怖的報酬》中經典的卡車迴轉場景。

前兩版《恐怖的報酬》與《千驚萬險》不是一比一翻拍，他們的人物背景和路上遭遇的危機並不完全相同，但有個共通的主題，那就是命運的殘酷與隨機性。

司機們面臨的是幾乎不可抗力的大環境，不到最後無法確定誰死誰活，他們的死活也沒有任何合理性；即使經歷了巨大的恐懼、對抗命運，也無法保證就能收穫成果。

Netflix 版《恐懼的代價》。

Netflix 版《恐懼的代價》有大量的篇幅留給了軍事集團和槍戰，應該是想在這個純粹的懸疑故事中加上反戰、反殖民的思維，卻使得故事鋪排變得單一無聊（《瘋狂麥斯：憤怒道》都要刺激多了），也讓原先故事中那種「人或許無法戰勝命運」的恐怖感全部消失，只剩下十分平面的「壞人」臉孔。

為什麼 Netflix 要翻拍這部作品？這只有他們才知道，但我認為廣大的影迷只想說：別再拍了，謝謝。

",Thelma 電影狂花,2024-04-01
https://news.agentm.tw/276613/,"不知不覺間，從《哥吉拉》開始算起的怪獸宇宙系列居然已進入第十年。想當初，沒人知道空窗十年後以好萊塢規格復活的哥吉拉電影能否成功，但傳奇版《哥吉拉》辦到了；緊接著，原本不在範圍內的金剛新作計畫也順勢移來，《金剛：骷髏島》同樣賣座，哥吉拉與金剛的對決也蓄勢待發。沒想到這時從東寶拉來三大怪獸拍出的《哥吉拉 II：怪獸之王》卻栽了跟頭，接著哥吉拉與金剛的對決先是內部反應不佳而又修又延，然後還碰上疫情重創全球戲院；正當這系列可能面臨草草收場的危機時，《哥吉拉大戰金剛》反而成為全球戲院復甦的春雷，是疫情期間戲院串流並行上映的成功範例；於是續集電影繼續前進──先是確定為「《哥吉拉大戰金剛》劇情之延續」，後來進一步確認哥吉拉也將回歸，最終成為 2024 年、也是哥吉拉誕生七十周年上映的《哥吉拉與金剛：新帝國》。

隨著腳步站穩，如今也可以從本片回頭看看這十年來「怪獸宇宙」不斷切換的步伐。

內容目錄

接續前作劇情的《哥吉拉與金剛：新帝國》，大膽刪減人戲份量

《新帝國》一方面接續前作劇情，繼續開發前作首度亮相的地心空洞世界，但在人物上卻一個已經持續十年的削減慣例。《哥吉拉》的要角如芹澤博士等人，到了《怪獸之王》不是沒登場，就是有些突兀地退場；《怪獸之王》首度登場的羅素一家人，在《哥吉拉大戰金剛》只剩女兒擔任要角，到了本作也消失，換成上一集登場的金剛通靈少女成為最關鍵角色。

《哥吉拉與金剛：新帝國》電影劇照。

怪獸宇宙在人物上可以看出這種（可能因為人類在這系列中總是不好拿捏而）兩集交一棒的新陳代謝，而「君主」這個單位則有另一種吹氣球般的變化。在《哥吉拉》中只有探員獨自活動而十分神秘的「君主」組織，到了《怪獸之王》忽然戰力爆脹，除了遍布全球各地、深入極地與海底的大小基地，甚至還有超越當代科技、飛得幾乎比拉頓還快的空中母艦，要征服世界好像也不用吹灰之力。但該組織的戰力到了《哥吉拉大戰金剛》開始適當縮減，到了本作可以說只用最低成本的方式來表達其存在──有幾個總部的畫面、幾個分部的畫面，有艘潛水艇，大致就這樣。

《哥吉拉與金剛：新帝國》電影劇照。

這種縮減其實對電影來說是好事。《新帝國》和前幾作相比的最大優點，就是把本來較為龐雜的電影元素盡量簡化，不只「君主」組織瘦身成功，人物也大幅精簡，精簡到了彷彿在看昭和哥吉拉那種六七個要角就能演完的故事。人物也不囉嗦，簡單的親情（只有母女，倒省去了《怪獸之王》那種不太討喜的家庭拌嘴）、清爽不曖昧的人物關係、少量不礙事的笑話，甚至沒幾個四處奔跑歷險的鏡頭。



刪減的人戲該怎麼辦？讓怪獸們來：怪獸也要演人物劇

那這樣的話劇情要怎麼推展？這就要說到本片在怪獸宇宙中的一個新創舉：怪獸也要演人物劇。從這一點來回顧過往十年也是很有趣──《哥吉拉》花了那麼多工夫去強調怪獸本身的生物性，不讓怪獸成為有「人味」的角色，但到《怪獸之王》就變了；哥吉拉開始得要稱王，過程中還會與古代人類的儀式互動，而拉頓最後的演出更讓怪獸顯得人味過重（也因此在銀幕外被嘲笑了一陣）。

《哥吉拉與金剛：新帝國》哥吉拉。

到了《哥吉拉大戰金剛》，哥吉拉既然跟金剛開始聯手，那個人味就被逼了出來；而本片則是讓金剛直接演了一齣王子復仇記──踏上旅途尋找同胞、遇上小跟班，雖然一時被奴役同胞的壞國王打成重傷，但在小跟班、怪獸夥伴以及人類的協助下打敗壞國王，解救同胞。而在一旁配合的哥吉拉，也同樣展現出各種擬人（甚至是擬貓？）的舉動，各種手刀奔跑飛拳飛踢，簡直回到自己昭和時代的青春模樣，讓這部片比前作《哥吉拉大戰金剛》更接近 1962 年的哥吉拉巔峰喜劇《金剛對哥吉拉》。

《哥吉拉與金剛：新帝國》裡登場的「小跟班」。

從這方面來說，《新帝國》的劇情也彷彿花了十年找出了最精簡有效的方式──不需要再像《哥吉拉》那樣找不到壞人、不需要再像《怪獸之王》那樣煩惱一下哪種立場才是壞人，甚至連把壞人分成壞企業跟壞機械哥吉拉來分頭擊破都不必了，《新帝國》的壞人從頭到尾就那一頭壞紅毛猩猩（以及面目模糊的手下們、還有單純被當作能量營養來源的可憐海龍水蛇們），打完收工，單純到了極點。

《哥吉拉與金剛：新帝國》金剛。



《哥吉拉與金剛：新帝國》電影評價心得：簡潔洗練故事與大量怪獸對決，簡單快樂之作

但以效果來看，《新帝國》很成功。在一切都極簡化以後，沒有莫名跳出的角色與笑話、沒有沒講完的龐雜設定，再也沒有一丁點讓人覺得多餘的地方，雖然也可以說什麼都沒有，看完船過水無痕，但就是有哥吉拉、有金剛，有大量爽快不停歇的打鬥，讓這部片成為更簡潔洗練的怪獸對戰片。十年下來，怪獸宇宙似乎漸漸有抓到最多數觀眾的最大喜好，接下來需要擔心的，或許就是如何在這種簡單快樂中再生新鮮感吧。

延伸閱讀 >> 哥吉拉與金剛的首度同框，竟是一段 60 多年前的「 特攝魯蛇 」故事？

",唐澄暐,2024-03-29
https://news.agentm.tw/276333/,"由練建宏導演執導的《莎莉》，劇情描述大齡女子林惠君住在台中山裡，過著拔拔玉米，餵餵雞的日子，姑姑不時提醒她該結婚了，從上海回來的姪女正值叛逆期，還有即將結婚的弟弟每天與女友黏在一起，讓她心生嚮往愛情的甜蜜。姪女看不下去幫她裝了交友軟體，謊報年齡還取名叫莎莉，沒想到一滑就和法國的馬丁配對順利，從此天天盯著手機傳訊息。不料疑似感情詐騙的風聲傳遍街坊鄰里，大家的叮嚀讓她喘不過氣，她決定買張機票直飛巴黎，為得來不易的異國戀曲做出最後努力！





內容目錄

藉由千里尋愛的過程，反思自己人生真正重要的是什麼

電影一開始外人加諸於惠君身上的雜音，諸如「你應該結婚了」，「你怎麼不找個正常一點的」，這些話語宛如緊箍咒，不動聽且刺耳，但或許正因為這些人為「助力」加上天災（颱風吹垮了雞舍），讓惠君更有孤注一擲的動能和動能，她貿然前往巴黎尋愛的舉動看來躁進，但或許此時的她無比清楚，唯有踏出去一試才有驗證自己能否成功的機會。

《莎莉》表面上看起來在探討異國戀值不值得不遠千里去追尋，但電影更試圖藉由林惠君千里尋愛的過程，去反思在自己的人生座標中，真正重要的是什麼？幸福是比較而來或是一種自我滿足？傾聽自己的聲音，順從自己的渴望，到頭來得到的是一場騙局，真的是失去？無意間尋獲的愛情曙光，是帶她通往幸福的坦途，又或是另一場幻夢？





劉品言的表演內斂且富有層次

《莎莉》不帶任何批判目光去呈現惠君的行為和心理紋路，有些時候我們不懂她的執著所謂而來，不了解她到底想追求的是什麼，但這些不懂不了解，也正是導演想呈現的生命狀態，惠君藉由生活所汲取的養分讓她更得以在每一次回望，每一個轉身更清楚自己要的是什麼，甚至是其他人的。

惠君最終了解的，不是自己一個人也可以過得很好，而是就算她曾犯傻、迷茫、沒有方向，生活依然會教會她許多事，生命的價值即便不來自於愛情的圓滿，親情的肯認也是一種圓滿。弟弟在結婚時對她的感念，姪女要回上海前對她說出我愛你這麼充滿靈性的話語，在在證明了惠君的溫暖良善，和能夠給予。言言的表演不張狂，內斂低調卻飽滿而富有層次，無論是情竇初開的欣喜、不被理解的氣悶沮喪、乃至心神清明的懂得，她演來不慍不火，自然細膩的表演讓人感同身受，大大為影片加分，也讓人更期待她日後的電影演出。



",人文電影的追尋,2024-03-29
