產品名稱,容量
SANTA CAROLINA RESERVADO MERLOT,750 ml
SANTA CAROLINA RESERVADO CABERNET SAUVIG,750 ml
SANTA CAROLINA ROSE,750 ml
CANCILLER BLEND VINO BLANCO SYRAH CHARDONNAY,750 ml
GATO NEGRO CABERNET MERLOT,750 ml
GATO NEGRO MERLOT,750 ml
GATO NEGRO SAUVIGNON BLANCO,750 ml
GATO NEGRO CARMENERE,750 ml
GATO NEGRO CABERNET SAUVIGNON,750 ml
GATO NEGRO CABERNET SAUVIG ROSE,750 ml
GATO NEGRO CABERNET SAUVIG,1500 ml
GATO NEGRO PREMIUM 4 X,187 ml
GRANTS TRIPLE WOOD 12 AOS,750 ml
HENDRICK S GIN,700 ml
GRANTS TRIPLE WOOD CAJA,750 ml
GATO NEGRO CABERNET SAUVIGNON,375 ml
MC CUVEE GOLD,750 ml
POLIAKOV VODKA,700 ml
MARTINI ESPUMANTE ASTI DULCE,750 ml
MARTINI ROSE SPARKLING,750 ml
SAN MIGUEL 5,750 ml
TRAVESIA MALBEC,750 ml
NOVECENTO ROSADO ESPUMANTE,750 ml
SANTA JULIA BRUT ROSE ESPUMANTE,750 ml
FLOR DE CANA CENTENARIO 12 ANOS,750 ml
NOVECENTO EXTRA BRUT ESPUMANTE,750 ml
FLOR DE CANA RON EXTRA SECO,750 ml
CHIVAS REGAL 15 ANOS BLENDED,750 ml
OLD PARR CAJA.,750 ml
JOHNNIE WALKER NEGRO BOTELLA,750 ml
CRESPO LONDON DRY GIN,700 ml
SANTA CAROLINA ESPUMANTE BRUT,750 ml
SANTA CAROLINA ESPUMANTE DEMISEC,750 ml
SANTA CAROLINA RESERVADO CARMENERE,750 ml
SANTA CAROLINA RESERVADO CABERNET SAUVIGNON 1,500 ml
SANTA CAROLINA RESERVADO BRUT VINO ESPUMANTE,750 ml
SANTA CAROLINA RESERVADO CABERNET SAUVIGNON MERLOT,750 ml
SANTA CAROLINA RESERVADO CHARDONAY,750 ml
SANTA CAROLINA RESERVADO SAUVIG BLANCO,750 ml
SANTA CAROLINA RESERVA CABERNET SAUVIG,750 ml
ALFREDO ROCA FINCAS MALBEC,750 ml
CANCILLER CABERNET SAUVIGNON,750 ml
SANTA CAROLINA RESERVA CARMENERE,750 ml
SANTA CAROLINA RESERVA ASSEMBLAGE VINO TINTO,750 ml
CANCILLER CHARDONNAY,750 ml
CANCILLER MALBEC,750 ml
SANTA CAROLINA RESERVA SAUVIG BLANCO,750 ml
SANTA CAROLINA RESERVA CHARDONAY,750 ml
ALFREDO ROCA FINCAS CHENIN,750 ml
SANTA CAROLINA RESERVA MERLOT,750 ml
LOPEZ DE HARO VINO BLANCO,750 ml
ALFREDO ROCA DEDICACION PERSONAL BONARDA,750 ml
LOPEZ DE HARO TEMPRANILLO,750 ml
LOPEZ DE HARO TINTO CRIANZA,750 ml
LOPEZ DE HARO VINO ROSADO,750 ml
SPRITZ COCTEL AROMAS DE AMARGOS,750 ml
MAMA COCTEL DURAZNO LATA,250 ml
MAMA COCTEL GRANADA,750 ml
MAMA COCTEL DURAZNO,750 ml
MAMA COCTEL GRANADA LATA,250 ml
MAMA COCTEL MANGO LATA,250 ml
STA CAROLINA GRAN RESERVA CARMENERE,750 ml
CANCILLER BLEND VINO TINTO SYRAH MALBEC,750 ml
ROTKAPPCHEN ESPUMANTE DEMI SEC,750 ml
ANTIOQUENO AGUARDIENTE SIN AZUCAR,1000 ml
ANTIOQUENO AGUARDIENTE,375 ml
ANTIOQUENO AGUARDIENTE SIN AZUCAR…,375 ml
ANTIOQUEO AGUARDIENTE VERDE,750 ml
ANTIOQUENO AGUARDIENTE VERDE,375 ml
ANTIOQUENO AGUARDIENTE,1000 ml
ANTIOQUENO AGUARDIENTE SIN AZUCAR,750 ml
ANTIOQUENO AGUARDIENTE VERDE,1000 ml
ANTIOQUENO AGUARDIENTE,750 ml
V&F LICOR CREMA SABOR A HIERBAS,1000 ml
V&F COCTEL SABOR A PINA COLADA,750 ml
V&F COCTEL CREMA SABOR A ROMPOPE,750 ml
V&F CREMA DE MENTA,750 ml
V&F AMARETTO,750 ml
ADOBE RESERVA ROSE,750 ml
VALLFORMOSA CAVA SEMI SECO,750 ml
VALLFORMOSA CAVA BRUT,750 ml
ADOBE RESERVA CARMENERE,750 ml
FINCA TORREMILANOS VINO TTO LOS CANTOS,750 ml
UNO CABERNET SAUVIGNON VINO TINTO,750 ml
TINAZZI VINO BLANCO ISTA PINOT,750 ml
FINCA TORREMILANOS VINO TTO MONTECASTRILL,750 ml
TINAZZI VINO TINTO PRIMITIVO PUGLIA,750 ml
SANTA JULIA MALBEC RESERVA,750 ml
SANTA JULIA MERLOT RESERVA,750 ml
SANTA JULIA ROBLE TEMPRANILLO,750 ml
SANTA JULIA SYRAH,750 ml
SANTA JULIA MERLOT,750 ml
SANTA JULIA SYRAH ROSE,750 ml
ESTANCIA MENDOZA CABERNET SAUVIGNON,750 ml
SANTA JULIA VINO TINTO TEMPRANILLO MALBEC,750 ml
ESTANCIA MENDOZA ROBLE MALBEC,750 ml
SANTA JULIA TARDIO,500 ml
CASTILLO DE ELARO VINO TINTO,750 ml
EL CHARRO TEQUILA GOLD,750 ml
EL CHARRO MARGARITA SABOR LIMON,750 ml
EL CHARRO MARGARITA SABOR FRESA,750 ml
CARMEN SAUVIGNON BLANCO,750 ml
CARMEN MERLOT,750 ml
EL CHARRO TEQUILA SYLVER,750 ml
CARMEN CARMENERE,未知產品容量
CARMEN CARBENET SAUVIGNON,750 ml
ESPUELA TEQUILA GOLD,750 ml
EL CHARRO TEQUILA AGUJON,750 ml
BOLTONS MENTA,750 ml
COUSINO MACUL MERLOT RESERVADO,750 ml
DERKOKTEL ALEXANDER/CHOC Y VAINILLA,750 ml
MORANDE PIONERO PINOT NOIR.,750 ml
MORANDE PIONERO CARMENERE,750 ml
MORANDE PIONERO SONADOR ROSE-PINOT NOIR..,750 ml
MORANDE PIONERO MERLOT,750 ml
MORANDE PIONERO SAUVIGNON BLANCO,750 ml
MORANDE PIONERO CABERNET SAUVIG,750 ml
MORANDE RESERVA CHARDONAY,750 ml
POSTALES DEL FIN MUNDO VINO TINTO ROBLE MALBEC,750 ml
POSTALES DEL FIN MUNDO VINO TINTO ROBLE CABERNET SAUVIG,750 ml
